10X index name,sample_name,index
SI-GA-A1,L001,GGTTTACT
SI-GA-A1,L001,CTAAACGG
SI-GA-A1,L001,TCGGCGTC
SI-GA-A1,L001,AACCGTAA
SI-GA-B3,L002,GTGTATTA
SI-GA-B3,L002,TGTGCGGG
SI-GA-B3,L002,ACCATAAC
SI-GA-B3,L002,CAACGCCT
SI-GA-D1,L003,CACTCGGA
SI-GA-D1,L003,GCTGAATT
SI-GA-D1,L003,TGAAGTAC
SI-GA-D1,L003,ATGCTCCG
SI-GA-A2,L016,TTTCATGA
SI-GA-A2,L016,ACGTCCCT
SI-GA-A2,L016,CGCATGTG
SI-GA-A2,L016,GAAGGAAC
SI-GA-D10,L018,CAATACCC
SI-GA-D10,L018,TGTCTATG
SI-GA-D10,L018,ACCACGAA
SI-GA-D10,L018,GTGGGTGT
SI-GA-D6,L019,CATGCGAT
SI-GA-D6,L019,TGATATTC
SI-GA-D6,L019,GTGATCGA
SI-GA-D6,L019,ACCCGACG
SI-GA-A3,L021,CAGTACTG
SI-GA-A3,L021,AGTAGTCT
SI-GA-A3,L021,GCAGTAGA
SI-GA-A3,L021,TTCCCGAC
SI-GA-C10,L022,TCTCAGTG
SI-GA-C10,L022,GAGACTAT
SI-GA-C10,L022,CGCTTAGC
SI-GA-C10,L022,ATAGGCCA
SI-GA-D2,L023,TAACAAGG
SI-GA-D2,L023,GGTTCCTC
SI-GA-D2,L023,ATCATGCA
SI-GA-D2,L023,CCGGGTAT
SI-GA-A4,L036,TATGATTC
SI-GA-A4,L036,CCCACAGT
SI-GA-A4,L036,ATGCTGAA
SI-GA-A4,L036,GGATGCCG
SI-GA-B4,L038,ACTTCATA
SI-GA-B4,L038,GAGATGAC
SI-GA-B4,L038,TGCCGTGG
SI-GA-B4,L038,CTAGACCT
SI-GA-D11,L039,CTTTGCGG
SI-GA-D11,L039,TGCACAAA
SI-GA-D11,L039,AAGCAGTC
SI-GA-D11,L039,GCAGTTCT
SI-GA-A5,L041,CTAGGTGA
SI-GA-A5,L041,TCGTTCAG
SI-GA-A5,L041,AGCCAATT
SI-GA-A5,L041,GATACGCC
SI-GA-B5,L042,AATAATGG
SI-GA-B5,L042,CCAGGGCA
SI-GA-B5,L042,TGCCTCAT
SI-GA-B5,L042,GTGTCATC
SI-GA-C4,L043,ACAATTCA
SI-GA-C4,L043,TGCGCAGC
SI-GA-C4,L043,CATCACTT
SI-GA-C4,L043,GTGTGGAG
SI-GA-A6,L056,CGCTATGT
SI-GA-A6,L056,GCTGTCCA
SI-GA-A6,L056,TTGAGATC
SI-GA-A6,L056,AAACCGAG
SI-GA-C11,L057,GAGGATCT
SI-GA-C11,L057,AGACCATA
SI-GA-C11,L057,TCCTGCGC
SI-GA-C11,L057,CTTATGAG
SI-GA-C5,L058,CGACTTGA
SI-GA-C5,L058,TACAGACT
SI-GA-C5,L058,ATTGCGTG
SI-GA-C5,L058,GCGTACAC
SI-GA-B6,L062,CGTTAATC
SI-GA-B6,L062,GCCACGCT
SI-GA-B6,L062,TTACTCAG
SI-GA-B6,L062,AAGGGTGA
SI-GA-C6,L063,ATTACTTC
SI-GA-C6,L063,TGCGAACT
SI-GA-C6,L063,GCATTCGG
SI-GA-C6,L063,CAGCGGAA
SI-GA-A9,L064,TCTTAAAG
SI-GA-A9,L064,CGAGGCTC
SI-GA-A9,L064,GTCCTTCT
SI-GA-A9,L064,AAGACGGA
SI-GA-B7,L077,AAACCTCA
SI-GA-B7,L077,GCCTTGGT
SI-GA-B7,L077,CTGGACTC
SI-GA-B7,L077,TGTAGAAG
SI-GA-D3,L078,ACATTACT
SI-GA-D3,L078,TTTGGGTA
SI-GA-D3,L078,CAGCCCAC
SI-GA-D3,L078,GGCAATGG
SI-GA-A10,L079,GAAACCCT
SI-GA-A10,L079,TTTCTGTC
SI-GA-A10,L079,CCGTGTGA
SI-GA-A10,L079,AGCGAAAG
SI-GA-A7,L081,ACAGAGGT
SI-GA-A7,L081,TATAGTTG
SI-GA-A7,L081,CGGTCCCA
SI-GA-A7,L081,GTCCTAAC
SI-GA-B8,L082,AAAGTGCT
SI-GA-B8,L082,GCTACCTG
SI-GA-B8,L082,TGCTGTAA
SI-GA-B8,L082,CTGCAAGC
SI-GA-C8,L083,GTTGAGAA
SI-GA-C8,L083,AGATCTGG
SI-GA-C8,L083,TCGATACT
SI-GA-C8,L083,CACCGCTC
SI-GA-A8,L096,GCATCTCC
SI-GA-A8,L096,TGTAAGGT
SI-GA-A8,L096,CTGCGATG
SI-GA-A8,L096,AACGTCAA
SI-GA-B9,L097,CTGTAACT
SI-GA-B9,L097,TCTAGCGA
SI-GA-B9,L097,AGAGTGTG
SI-GA-B9,L097,GACCCTAC
SI-GA-C9,L098,GCGCAGAA
SI-GA-C9,L098,ATCTTACC
SI-GA-C9,L098,TATGGTGT
SI-GA-C9,L098,CGAACCTG
SI-GA-A11,L101,GTCCGGTC
SI-GA-A11,L101,AAGATCAT
SI-GA-A11,L101,CCTGAAGG
SI-GA-A11,L101,TGATCTCA
SI-GA-D7,L102,ATTTGCTA
SI-GA-D7,L102,TAGACACC
SI-GA-D7,L102,CCACAGGG
SI-GA-D7,L102,GGCGTTAT
SI-GA-D4,L103,CCCTAACA
SI-GA-D4,L103,ATTCCGAT
SI-GA-D4,L103,TGGATTGC
SI-GA-D4,L103,GAAGGCTG
SI-GA-A12,L116,AGTGGAAC
SI-GA-A12,L116,GTCTCCTT
SI-GA-A12,L116,TCACATCA
SI-GA-A12,L116,CAGATGGG
SI-GA-D8,L117,GCAACAAA
SI-GA-D8,L117,TAGTTGTC
SI-GA-D8,L117,CGCCATCG
SI-GA-D8,L117,ATTGGCGT
SI-GA-D5,L118,CTCGTCAC
SI-GA-D5,L118,GATCAGCA
SI-GA-D5,L118,ACAACAGG
SI-GA-D5,L118,TGGTGTTT
SI-GA-B1,L121,GTAATCTT
SI-GA-B1,L121,TCCGGAAG
SI-GA-B1,L121,AGTTCGGC
SI-GA-B1,L121,CAGCATCA
SI-GA-D9,L122,AGGAGATG
SI-GA-D9,L122,GATGTGGT
SI-GA-D9,L122,CTACATCC
SI-GA-D9,L122,TCCTCCAA
SI-GA-D12,L123,GCACAATG
SI-GA-D12,L123,CTTGGTAC
SI-GA-D12,L123,TGCACCGT
SI-GA-D12,L123,AAGTTGCA
SI-GA-B2,L136,TACTCTTC
SI-GA-B2,L136,CCTGTGCG
SI-GA-B2,L136,GGACACGT
SI-GA-B2,L136,ATGAGAAA
SI-GA-C12,L137,TCTCGTTT
SI-GA-C12,L137,GGCTAGCG
SI-GA-C12,L137,ATGACCGC
SI-GA-C12,L137,CAAGTAAA
SI-GA-C7,L138,GTCTCTCG
SI-GA-C7,L138,AATCTCTC
SI-GA-C7,L138,CGGAGGGA
SI-GA-C7,L138,TCAGAAAT
